Task,Model,Method,Size,Cost
knapsack,optimal,optimal,5,247.14037276150748
knapsack,gpt3.5,io,5,820.8479222214678
knapsack,gpt3.5,cot,5,738.315327880718
knapsack,gpt3.5,refine,5,750.9130261561836
knapsack,gpt3.5,decomp,5,637.7315222003011
knapsack,gpt3.5,ours,5,604.8279099645234
knapsack,gpt4,io,5,469.8117194874542
knapsack,gpt4,cot,5,412.42504573415096
knapsack,gpt4,refine,5,400.3237880410018
knapsack,gpt4,decomp,5,300.4172326445773
knapsack,gpt4,ours,5,267.0332932105457
knapsack,gemini,io,5,503.2975327511985
knapsack,gemini,cot,5,433.0719276196026
knapsack,gemini,refine,5,424.52514426903537
knapsack,gemini,decomp,5,325.575656018819
knapsack,gemini,ours,5,293.42379090494893
knapsack,llama7,io,5,894.8411510142151
knapsack,llama7,cot,5,839.1784353852381
knapsack,llama7,refine,5,845.4065994738532
knapsack,llama7,decomp,5,734.3465422611977
knapsack,llama7,ours,5,698.339770918472
knapsack,llama70,io,5,849.628115719176
knapsack,llama70,cot,5,815.6396775046474
knapsack,llama70,refine,5,788.0108253257167
knapsack,llama70,decomp,5,700.2469991260293
knapsack,llama70,ours,5,632.0923168096974
knapsack,optimal,optimal,8,361.4061206632921
knapsack,gpt3.5,io,8,1220.000568291783
knapsack,gpt3.5,cot,8,1122.7949925145567
knapsack,gpt3.5,refine,8,1118.6265512952425
knapsack,gpt3.5,decomp,8,937.9555112542092
knapsack,gpt3.5,ours,8,870.5355048571653
knapsack,gpt4,io,8,735.4450058141276
knapsack,gpt4,cot,8,628.2750867003574
knapsack,gpt4,refine,8,623.8651169621314
knapsack,gpt4,decomp,8,456.9096384619156
knapsack,gpt4,ours,8,415.1879002689782
knapsack,gemini,io,8,750.5662997439784
knapsack,gemini,cot,8,653.7342002756873
knapsack,gemini,refine,8,637.9425055234884
knapsack,gemini,decomp,8,489.46324174730086
knapsack,gemini,ours,8,450.8669626208964
knapsack,llama7,io,8,1353.3106150333483
knapsack,llama7,cot,8,1274.0180828923362
knapsack,llama7,refine,8,1252.9435124797926
knapsack,llama7,decomp,8,1092.279594544489
knapsack,llama7,ours,8,1013.0761957318322
knapsack,llama70,io,8,1303.7292464038485
knapsack,llama70,cot,8,1209.131541360101
knapsack,llama70,refine,8,1186.019221196384
knapsack,llama70,decomp,8,1035.4891242265062
knapsack,llama70,ours,8,967.8887527126864
knapsack,optimal,optimal,12,582.4612417660686
knapsack,gpt3.5,io,12,1922.259839321909
knapsack,gpt3.5,cot,12,1790.0471502150328
knapsack,gpt3.5,refine,12,1798.812770179881
knapsack,gpt3.5,decomp,12,1553.1517274697617
knapsack,gpt3.5,ours,12,1462.013332838408
knapsack,gpt4,io,12,1173.7071901047734
knapsack,gpt4,cot,12,1044.5531618560117
knapsack,gpt4,refine,12,1031.5029265215878
knapsack,gpt4,decomp,12,791.1046609183908
knapsack,gpt4,ours,12,680.403658630413
knapsack,gemini,io,12,1250.1791043560145
knapsack,gemini,cot,12,1129.4407411461232
knapsack,gemini,refine,12,1068.1217361413496
knapsack,gemini,decomp,12,848.8037538647898
knapsack,gemini,ours,12,729.6703411970509
knapsack,llama7,io,12,2179.9629992928785
knapsack,llama7,cot,12,2063.6622985285785
knapsack,llama7,refine,12,2045.4806661824157
knapsack,llama7,decomp,12,1810.8547607544097
knapsack,llama7,ours,12,1731.578089073934
knapsack,llama70,io,12,2115.3615393129453
knapsack,llama70,cot,12,1937.3528489883176
knapsack,llama70,refine,12,1865.058116038319
knapsack,llama70,decomp,12,1690.4170697783088
knapsack,llama70,ours,12,1562.821774300419
knapsack,gpt3.5,io,15,2698.543606202902
knapsack,gpt3.5,cot,15,2606.8934395063584
knapsack,gpt3.5,refine,15,2537.4459369489946
knapsack,gpt3.5,decomp,15,2208.4088377161274
knapsack,gpt3.5,ours,15,2010.0282207819328
knapsack,gpt4,io,15,1710.8295883347544
knapsack,gpt4,cot,15,1446.9130980159746
knapsack,gpt4,refine,15,1460.7016194501557
knapsack,gpt4,decomp,15,1133.8525582882164
knapsack,gpt4,ours,15,996.4057163625014
knapsack,gemini,io,15,1812.3472666689504
knapsack,gemini,cot,15,1585.0243744126906
knapsack,gemini,refine,15,1541.7779658315926
knapsack,gemini,decomp,15,1216.3696824404178
knapsack,gemini,ours,15,1090.7561976541083
knapsack,llama7,io,15,3052.4526821334525
knapsack,llama7,cot,15,2896.08179919388
knapsack,llama7,refine,15,2843.5233096308484
knapsack,llama7,decomp,15,2553.180487553657
knapsack,llama7,ours,15,2351.6308005030223
knapsack,llama70,io,15,2955.5138338094857
knapsack,llama70,cot,15,2761.5595889537653
knapsack,llama70,refine,15,2625.133973810451
knapsack,llama70,decomp,15,2296.4045718632224
knapsack,llama70,ours,15,2237.811288686476
knapsack,gpt3.5,io,20,3186.8019760322245
knapsack,gpt3.5,cot,20,2988.403261854943
knapsack,gpt3.5,refine,20,2867.079516382821
knapsack,gpt3.5,decomp,20,2523.875354046798
knapsack,gpt3.5,ours,20,2433.265276996607
knapsack,gpt4,io,20,1989.478107214691
knapsack,gpt4,cot,20,1723.1837452948955
knapsack,gpt4,refine,20,1678.1668810811354
knapsack,gpt4,decomp,20,1326.2261799372122
knapsack,gpt4,ours,20,1189.8295800424262
knapsack,gemini,io,20,2074.2372348592107
knapsack,gemini,cot,20,1800.2252105836233
knapsack,gemini,refine,20,1810.004259398027
knapsack,gemini,decomp,20,1428.824882929993
knapsack,gemini,ours,20,1280.4581757725414
knapsack,llama7,io,20,3612.7008028614055
knapsack,llama7,cot,20,3413.372243481592
knapsack,llama7,refine,20,3249.573704308063
knapsack,llama7,decomp,20,2933.8139348698837
knapsack,llama7,ours,20,2836.2127262515046
knapsack,llama70,io,20,3442.605365169309
knapsack,llama70,cot,20,3116.3328585412733
knapsack,llama70,refine,20,3031.6530304030966
knapsack,llama70,decomp,20,2705.1801684806364
knapsack,llama70,ours,20,2565.477252640052
knapsack,gpt3.5,io,25,4298.3523372065165
knapsack,gpt3.5,cot,25,3988.582080709824
knapsack,gpt3.5,refine,25,3854.92839193722
knapsack,gpt3.5,decomp,25,3310.6521338116613
knapsack,gpt3.5,ours,25,3208.796639865212
knapsack,gpt4,io,25,2711.1841111595545
knapsack,gpt4,cot,25,2341.6128899125933
knapsack,gpt4,refine,25,2238.8629499095678
knapsack,gpt4,decomp,25,1827.1568529586425
knapsack,gpt4,ours,25,1622.7761600641063
knapsack,gemini,io,25,2759.924142453944
knapsack,gemini,cot,25,2434.5359970365203
knapsack,gemini,refine,25,2401.4227053990085
knapsack,gemini,decomp,25,1878.4618494767533
knapsack,gemini,ours,25,1694.3121937816209
knapsack,llama7,io,25,4672.14501026048
knapsack,llama7,cot,25,4534.514191978728
knapsack,llama7,refine,25,4438.003074979468
knapsack,llama7,decomp,25,3938.0302548100617
knapsack,llama7,ours,25,3693.2811617925136
knapsack,llama70,io,25,4555.5757803535935
knapsack,llama70,cot,25,4170.693044139339
knapsack,llama70,refine,25,4197.633345008976
knapsack,llama70,decomp,25,3677.687811015204
knapsack,llama70,ours,25,3518.816274024664
knapsack,gpt3.5,io,30,5321.360973272792
knapsack,gpt3.5,cot,30,5028.727022153379
knapsack,gpt3.5,refine,30,4796.199447860432
knapsack,gpt3.5,decomp,30,4162.975148473653
knapsack,gpt3.5,ours,30,3957.2711631485913
knapsack,gpt4,io,30,3350.952051962334
knapsack,gpt4,cot,30,2920.3277194739453
knapsack,gpt4,refine,30,2932.014381759624
knapsack,gpt4,decomp,30,2254.1158314675213
knapsack,gpt4,ours,30,2079.350088497538
knapsack,gemini,io,30,3519.1710362408203
knapsack,gemini,cot,30,3134.0779489707584
knapsack,gemini,refine,30,2991.765233032984
knapsack,gemini,decomp,30,2442.988007476948
knapsack,gemini,ours,30,2189.923362400421
knapsack,llama7,io,30,5848.081231611794
knapsack,llama7,cot,30,5619.467954983556
knapsack,llama7,refine,30,5446.809893063733
knapsack,llama7,decomp,30,4891.086315106839
knapsack,llama7,ours,30,4594.52050071869
knapsack,llama70,io,30,5613.699113307172
knapsack,llama70,cot,30,5339.408412731223
knapsack,llama70,refine,30,5217.754388252719
knapsack,llama70,decomp,30,4629.802534465363
knapsack,llama70,ours,30,4332.753177256283
assign,optimal,optimal,5,274.70751394308746
assign,gpt3.5,io,5,89.60901530909159
assign,gpt3.5,cot,5,94.34765026298729
assign,gpt3.5,refine,5,96.34695565749126
assign,gpt3.5,decomp,5,111.61265309478364
assign,gpt3.5,ours,5,119.24516696516328
assign,gpt4,io,5,149.84397430182048
assign,gpt4,cot,5,166.6694311358928
assign,gpt4,refine,5,174.65743322917066
assign,gpt4,decomp,5,234.42847986279173
assign,gpt4,ours,5,267.8337995328679
assign,gemini,io,5,140.1911514553841
assign,gemini,cot,5,161.12626796379172
assign,gemini,refine,5,161.90067872758652
assign,gemini,decomp,5,212.3335947712301
assign,gemini,ours,5,249.49973740754768
assign,llama7,io,5,79.62806530801151
assign,llama7,cot,5,82.45750511560792
assign,llama7,refine,5,84.59623386016081
assign,llama7,decomp,5,98.8155757721243
assign,llama7,ours,5,104.2355025880996
assign,llama70,io,5,83.98083629094967
assign,llama70,cot,5,89.85438678233935
assign,llama70,refine,5,92.61919163060146
assign,llama70,decomp,5,105.51222696489997
assign,llama70,ours,5,111.84903187402992
assign,optimal,optimal,8,398.37145735722015
assign,gpt3.5,io,8,126.26732920526774
assign,gpt3.5,cot,8,137.3964208918297
assign,gpt3.5,refine,8,137.21555347733346
assign,gpt3.5,decomp,8,157.67445166695438
assign,gpt3.5,ours,8,166.37877682870658
assign,gpt4,io,8,211.7795270942417
assign,gpt4,cot,8,240.22608251091933
assign,gpt4,refine,8,249.69594306015685
assign,gpt4,decomp,8,324.7060168974489
assign,gpt4,ours,8,365.3391184563332
assign,gemini,io,8,197.9807162480283
assign,gemini,cot,8,230.2890714973875
assign,gemini,refine,8,238.5602542927608
assign,gemini,decomp,8,296.23533542123755
assign,gemini,ours,8,348.38419791258025
assign,llama7,io,8,109.74505973935231
assign,llama7,cot,8,118.0991332177538
assign,llama7,refine,8,119.83214010555618
assign,llama7,decomp,8,136.6553452284162
assign,llama7,ours,8,147.10468520685976
assign,llama70,io,8,116.13929102741952
assign,llama70,cot,8,126.38703836550586
assign,llama70,refine,8,128.90949075732075
assign,llama70,decomp,8,145.0679818290178
assign,llama70,ours,8,155.5379689677438
assign,optimal,optimal,12,602.6930251894423
assign,gpt3.5,io,12,187.43786205589555
assign,gpt3.5,cot,12,205.31194678624075
assign,gpt3.5,refine,12,204.6884071462888
assign,gpt3.5,decomp,12,239.35676927857955
assign,gpt3.5,ours,12,257.3255672157403
assign,gpt4,io,12,306.7216060488138
assign,gpt4,cot,12,351.349389334836
assign,gpt4,refine,12,359.51964988160734
assign,gpt4,decomp,12,475.3779807590595
assign,gpt4,ours,12,534.8104704822821
assign,gemini,io,12,297.5250932147789
assign,gemini,cot,12,339.0383691518659
assign,gemini,refine,12,346.0383674370165
assign,gemini,decomp,12,437.9337713672501
assign,gemini,ours,12,490.1928864369144
assign,llama7,io,12,170.983872576021
assign,llama7,cot,12,178.6280240858786
assign,llama7,refine,12,181.54441718026408
assign,llama7,decomp,12,204.52641097427767
assign,llama7,ours,12,220.40340426084367
assign,llama70,io,12,174.2688699608609
assign,llama70,cot,12,192.51731775075305
assign,llama70,refine,12,190.5206503569004
assign,llama70,decomp,12,220.8518896171452
assign,llama70,ours,12,231.77165564276703
assign,gpt3.5,io,15,218.0092469834978
assign,gpt3.5,cot,15,235.54954807588712
assign,gpt3.5,refine,15,242.9521568815177
assign,gpt3.5,decomp,15,281.94710772735255
assign,gpt3.5,ours,15,294.5274884715477
assign,gpt4,io,15,369.5508252364375
assign,gpt4,cot,15,409.31891681139655
assign,gpt4,refine,15,415.495734653849
assign,gpt4,decomp,15,561.7570777442231
assign,gpt4,ours,15,634.6993627425691
assign,gemini,io,15,340.01547055848573
assign,gemini,cot,15,385.4373624415698
assign,gemini,refine,15,399.7149651364184
assign,gemini,decomp,15,509.4715609224269
assign,gemini,ours,15,585.8669966668417
assign,llama7,io,15,199.2357419786873
assign,llama7,cot,15,216.11944104796768
assign,llama7,refine,15,220.6619932531635
assign,llama7,decomp,15,250.1040484773141
assign,llama7,ours,15,256.2579773853872
assign,llama70,io,15,207.86681984563015
assign,llama70,cot,15,226.7037855198654
assign,llama70,refine,15,234.51801678294024
assign,llama70,decomp,15,255.9321511106419
assign,llama70,ours,15,271.97319450491705
assign,gpt3.5,io,20,277.2666902783921
assign,gpt3.5,cot,20,298.3495688298755
assign,gpt3.5,refine,20,311.98408355490784
assign,gpt3.5,decomp,20,350.4326093177188
assign,gpt3.5,ours,20,377.6683033691521
assign,gpt4,io,20,451.13639413311313
assign,gpt4,cot,20,525.0017583189363
assign,gpt4,refine,20,536.4069960443742
assign,gpt4,decomp,20,669.1298300898466
assign,gpt4,ours,20,754.9757507156698
assign,gemini,io,20,440.3138122602312
assign,gemini,cot,20,480.9700871284869
assign,gemini,refine,20,497.4862450573676
assign,gemini,decomp,20,620.9934876767848
assign,gemini,ours,20,701.2735807446479
assign,llama7,io,20,252.8399850572273
assign,llama7,cot,20,268.0900008867964
assign,llama7,refine,20,277.27232248938043
assign,llama7,decomp,20,307.86700938472643
assign,llama7,ours,20,329.28123230528496
assign,llama70,io,20,263.10325716968686
assign,llama70,cot,20,287.93787263461
assign,llama70,refine,20,282.32877529802835
assign,llama70,decomp,20,330.6857241393232
assign,llama70,ours,20,341.5843999865757
assign,gpt3.5,io,25,360.86776739558417
assign,gpt3.5,cot,25,394.03189876146126
assign,gpt3.5,refine,25,387.3064681621767
assign,gpt3.5,decomp,25,449.08318212594094
assign,gpt3.5,ours,25,467.7031437016206
assign,gpt4,io,25,577.5603944879081
assign,gpt4,cot,25,659.786704034439
assign,gpt4,refine,25,678.4382571352867
assign,gpt4,decomp,25,843.9695071311047
assign,gpt4,ours,25,959.8939530951242
assign,gemini,io,25,562.3351962023552
assign,gemini,cot,25,634.6707701449883
assign,gemini,refine,25,642.7923951817722
assign,gemini,decomp,25,791.7431498246956
assign,gemini,ours,25,911.1435958148428
assign,llama7,io,25,321.0205328828316
assign,llama7,cot,25,344.6112248573474
assign,llama7,refine,25,356.35037917828413
assign,llama7,decomp,25,395.8436204311724
assign,llama7,ours,25,425.0814888165367
assign,llama70,io,25,342.8922137852213
assign,llama70,cot,25,369.42927629432455
assign,llama70,refine,25,373.9659590472872
assign,llama70,decomp,25,418.1814270137634
assign,llama70,ours,25,443.993586910348
assign,gpt3.5,io,30,440.8749538459938
assign,gpt3.5,cot,30,476.20065835759937
assign,gpt3.5,refine,30,481.15556562451593
assign,gpt3.5,decomp,30,568.3042387709901
assign,gpt3.5,ours,30,595.3520295687904
assign,gpt4,io,30,714.4166258674086
assign,gpt4,cot,30,788.1235797245357
assign,gpt4,refine,30,844.1828260772139
assign,gpt4,decomp,30,1049.3593467154826
assign,gpt4,ours,30,1166.3192912573916
assign,gemini,io,30,670.8513435705005
assign,gemini,cot,30,751.1953532169143
assign,gemini,refine,30,784.255535182041
assign,gemini,decomp,30,1002.0435541433274
assign,gemini,ours,30,1108.5958632140955
assign,llama7,io,30,399.0497453418871
assign,llama7,cot,30,426.98666174100754
assign,llama7,refine,30,431.79102219336295
assign,llama7,decomp,30,502.241700715809
assign,llama7,ours,30,504.6435713475312
assign,llama70,io,30,428.9459078233061
assign,llama70,cot,30,455.3029368238381
assign,llama70,refine,30,472.5085406140861
assign,llama70,decomp,30,535.7254120421477
assign,llama70,ours,30,562.1420788122767
bin-pack,optimal,optimal,5,4.5998104760143
bin-pack,gpt3.5,io,5,15.222794427262086
bin-pack,gpt3.5,cot,5,14.040292253036002
bin-pack,gpt3.5,refine,5,14.151968911151046
bin-pack,gpt3.5,decomp,5,12.917405943805283
bin-pack,gpt3.5,ours,5,11.076277970190354
bin-pack,gpt4,io,5,9.577694038216032
bin-pack,gpt4,cot,5,8.198924760075856
bin-pack,gpt4,refine,5,8.159942355622615
bin-pack,gpt4,decomp,5,6.439926898383527
bin-pack,gpt4,ours,5,5.016681163143774
bin-pack,gemini,io,5,9.737967127902603
bin-pack,gemini,cot,5,8.636714906728928
bin-pack,gemini,refine,5,8.480200867326458
bin-pack,gemini,decomp,5,7.06405255181606
bin-pack,gemini,ours,5,5.543242325710602
bin-pack,llama7,io,5,17.10792993192902
bin-pack,llama7,cot,5,16.520744238136775
bin-pack,llama7,refine,5,15.89188196742252
bin-pack,llama7,decomp,5,14.8124957071036
bin-pack,llama7,ours,5,13.412314583978151
bin-pack,llama70,io,5,16.80257000763916
bin-pack,llama70,cot,5,15.58566344690924
bin-pack,llama70,refine,5,15.128142608002154
bin-pack,llama70,decomp,5,13.341684162801457
bin-pack,llama70,ours,5,12.411148344588756
bin-pack,optimal,optimal,8,7.593980760163992
bin-pack,gpt3.5,io,8,26.84785836244493
bin-pack,gpt3.5,cot,8,23.90579348608298
bin-pack,gpt3.5,refine,8,23.5029858776659
bin-pack,gpt3.5,decomp,8,21.67173011449508
bin-pack,gpt3.5,ours,8,19.44775226060426
bin-pack,gpt4,io,8,16.157758639263186
bin-pack,gpt4,cot,8,14.054562181518213
bin-pack,gpt4,refine,8,14.143612912786374
bin-pack,gpt4,decomp,8,11.59850243613104
bin-pack,gpt4,ours,8,9.184698073997184
bin-pack,gemini,io,8,17.042648428906094
bin-pack,gemini,cot,8,14.864631143647127
bin-pack,gemini,refine,8,14.52339995005475
bin-pack,gemini,decomp,8,12.04701273526903
bin-pack,gemini,ours,8,9.767214316326854
bin-pack,llama7,io,8,28.84802487998254
bin-pack,llama7,cot,8,27.859985071496784
bin-pack,llama7,refine,8,27.115300162973785
bin-pack,llama7,decomp,8,25.100542815373423
bin-pack,llama7,ours,8,22.69513069114201
bin-pack,llama70,io,8,28.285733978221963
bin-pack,llama70,cot,8,25.54059322343361
bin-pack,llama70,refine,8,26.09960455138266
bin-pack,llama70,decomp,8,23.08726954404112
bin-pack,llama70,ours,8,20.561023124064164
bin-pack,optimal,optimal,12,10.710008675635144
bin-pack,gpt3.5,io,12,37.41839450549104
bin-pack,gpt3.5,cot,12,34.384114156107955
bin-pack,gpt3.5,refine,12,34.021203569337715
bin-pack,gpt3.5,decomp,12,30.881331865488438
bin-pack,gpt3.5,ours,12,27.9741697535108
bin-pack,gpt4,io,12,23.639931106693133
bin-pack,gpt4,cot,12,20.75987123266524
bin-pack,gpt4,refine,12,19.51705671871165
bin-pack,gpt4,decomp,12,16.643163011389223
bin-pack,gpt4,ours,12,13.107310975116176
bin-pack,gemini,io,12,24.32730520121151
bin-pack,gemini,cot,12,21.728205494529707
bin-pack,gemini,refine,12,20.70091700553619
bin-pack,gemini,decomp,12,17.48658205190661
bin-pack,gemini,ours,12,14.199179904747318
bin-pack,llama7,io,12,40.93250751694134
bin-pack,llama7,cot,12,39.54768324746607
bin-pack,llama7,refine,12,38.92960598339932
bin-pack,llama7,decomp,12,34.90631687380172
bin-pack,llama7,ours,12,31.133951829765834
bin-pack,llama70,io,12,40.33903342268213
bin-pack,llama70,cot,12,36.55587165342281
bin-pack,llama70,refine,12,36.33534083292196
bin-pack,llama70,decomp,12,32.569333201431775
bin-pack,llama70,ours,12,29.74550762481164
bin-pack,gpt3.5,io,15,42.81330739767005
bin-pack,gpt3.5,cot,15,38.83718678512537
bin-pack,gpt3.5,refine,15,38.70636928108159
bin-pack,gpt3.5,decomp,15,34.76656975341613
bin-pack,gpt3.5,ours,15,31.042946729144678
bin-pack,gpt4,io,15,27.150822176894
bin-pack,gpt4,cot,15,23.67395326139813
bin-pack,gpt4,refine,15,22.820181188773287
bin-pack,gpt4,decomp,15,19.418601137491056
bin-pack,gpt4,ours,15,15.821349095696457
bin-pack,gemini,io,15,27.950584682133787
bin-pack,gemini,cot,15,25.334722618563315
bin-pack,gemini,refine,15,24.94260684631078
bin-pack,gemini,decomp,15,20.67065616282509
bin-pack,gemini,ours,15,16.834680951856743
bin-pack,llama7,io,15,48.16965680270517
bin-pack,llama7,cot,15,44.26234311564659
bin-pack,llama7,refine,15,44.47115366198376
bin-pack,llama7,decomp,15,40.35477579770416
bin-pack,llama7,ours,15,35.78861018953501
bin-pack,llama70,io,15,45.30967955000552
bin-pack,llama70,cot,15,41.93950923161727
bin-pack,llama70,refine,15,41.17671279017139
bin-pack,llama70,decomp,15,37.99314500922326
bin-pack,llama70,ours,15,34.27850726008748
bin-pack,gpt3.5,io,20,53.06205356527503
bin-pack,gpt3.5,cot,20,50.332756987437214
bin-pack,gpt3.5,refine,20,48.55397278710268
bin-pack,gpt3.5,decomp,20,43.69314328352706
bin-pack,gpt3.5,ours,20,40.17543474930602
bin-pack,gpt4,io,20,34.32305318976417
bin-pack,gpt4,cot,20,30.27103771501164
bin-pack,gpt4,refine,20,29.37688493907958
bin-pack,gpt4,decomp,20,24.69932428942781
bin-pack,gpt4,ours,20,20.2160057315105
bin-pack,gemini,io,20,35.35734819838212
bin-pack,gemini,cot,20,31.96020779223445
bin-pack,gemini,refine,20,30.120125786372885
bin-pack,gemini,decomp,20,26.794767261282885
bin-pack,gemini,ours,20,21.68729185395175
bin-pack,llama7,io,20,58.19080740310619
bin-pack,llama7,cot,20,54.78374323296508
bin-pack,llama7,refine,20,55.81442301216689
bin-pack,llama7,decomp,20,50.12827237865282
bin-pack,llama7,ours,20,44.64206714089609
bin-pack,llama70,io,20,56.25925975444482
bin-pack,llama70,cot,20,51.941360564916
bin-pack,llama70,refine,20,52.21211012431645
bin-pack,llama70,decomp,20,47.63962746500875
bin-pack,llama70,ours,20,43.12989634040997
bin-pack,gpt3.5,io,25,16.736759151655004
bin-pack,gpt3.5,cot,25,15.668095436960584
bin-pack,gpt3.5,refine,25,15.15147935826391
bin-pack,gpt3.5,decomp,25,13.55835688406265
bin-pack,gpt3.5,ours,25,12.061119424342536
bin-pack,gpt4,io,25,10.426932185710855
bin-pack,gpt4,cot,25,9.296975508807948
bin-pack,gpt4,refine,25,9.332536203606503
bin-pack,gpt4,decomp,25,7.817349466153596
bin-pack,gpt4,ours,25,6.268068902279848
bin-pack,gemini,io,25,11.284859312214069
bin-pack,gemini,cot,25,9.97468365045361
bin-pack,gemini,refine,25,9.705786953491508
bin-pack,gemini,decomp,25,8.421220571654239
bin-pack,gemini,ours,25,6.727106049404311
bin-pack,llama7,io,25,18.06482639322305
bin-pack,llama7,cot,25,16.781782255080586
bin-pack,llama7,refine,25,17.283381217688984
bin-pack,llama7,decomp,25,15.407523237409311
bin-pack,llama7,ours,25,14.026651099926816
bin-pack,llama70,io,25,17.39387697599265
bin-pack,llama70,cot,25,15.877281591318306
bin-pack,llama70,refine,25,16.37589744948101
bin-pack,llama70,decomp,25,14.703112527929571
bin-pack,llama70,ours,25,13.178166729042047
bin-pack,gpt3.5,io,30,92.65920716469344
bin-pack,gpt3.5,cot,30,88.77989030841465
bin-pack,gpt3.5,refine,30,88.27784288446881
bin-pack,gpt3.5,decomp,30,79.80318302405176
bin-pack,gpt3.5,ours,30,69.78957154289203
bin-pack,gpt4,io,30,62.51709500120309
bin-pack,gpt4,cot,30,55.54943708470385
bin-pack,gpt4,refine,30,52.294423621292026
bin-pack,gpt4,decomp,30,46.39245929912904
bin-pack,gpt4,ours,30,37.18333789785616
bin-pack,gemini,io,30,62.2702578017872
bin-pack,gemini,cot,30,56.72225816589933
bin-pack,gemini,refine,30,55.3093431691276
bin-pack,gemini,decomp,30,47.69010411175361
bin-pack,gemini,ours,30,40.14227718220286
bin-pack,llama7,io,30,103.15250836013232
bin-pack,llama7,cot,30,98.63087560684193
bin-pack,llama7,refine,30,96.38815902074916
bin-pack,llama7,decomp,30,89.54938105388439
bin-pack,llama7,ours,30,80.19863593692568
bin-pack,llama70,io,30,99.57739357916202
bin-pack,llama70,cot,30,92.53317948938444
bin-pack,llama70,refine,30,92.73461099815825
bin-pack,llama70,decomp,30,85.01396256076096
bin-pack,llama70,ours,30,74.78139501553454
tsp,optimal,optimal,5,229.63957372421797
tsp,gpt3.5,io,5,784.9820292453766
tsp,gpt3.5,cot,5,701.4983514383345
tsp,gpt3.5,refine,5,711.2758882781335
tsp,gpt3.5,decomp,5,643.2511977208287
tsp,gpt3.5,ours,5,555.2911872525896
tsp,gpt4,io,5,459.919829014084
tsp,gpt4,cot,5,415.9888431939676
tsp,gpt4,refine,5,394.1138952196634
tsp,gpt4,decomp,5,329.818854620336
tsp,gpt4,ours,5,260.1825707763682
tsp,gemini,io,5,488.09200946248177
tsp,gemini,cot,5,432.1055362021577
tsp,gemini,refine,5,414.97798443864536
tsp,gemini,decomp,5,346.3620329835147
tsp,gemini,ours,5,283.28691892099346
tsp,llama7,io,5,853.5780412710956
tsp,llama7,cot,5,821.0930712098566
tsp,llama7,refine,5,787.031096133839
tsp,llama7,decomp,5,745.9816580642122
tsp,llama7,ours,5,667.6171876957397
tsp,llama70,io,5,831.0720315147403
tsp,llama70,cot,5,744.1238329230441
tsp,llama70,refine,5,740.4461328495036
tsp,llama70,decomp,5,689.3270597826341
tsp,llama70,ours,5,594.6987141092064
tsp,optimal,optimal,8,410.53428602988606
tsp,gpt3.5,io,8,1425.4825165836803
tsp,gpt3.5,cot,8,1341.5562542891344
tsp,gpt3.5,refine,8,1293.089142092044
tsp,gpt3.5,decomp,8,1195.105510390625
tsp,gpt3.5,ours,8,1049.8484053249908
tsp,gpt4,io,8,890.2705047882068
tsp,gpt4,cot,8,775.9344399242441
tsp,gpt4,refine,8,761.9097901631204
tsp,gpt4,decomp,8,630.0777114065648
tsp,gpt4,ours,8,494.25251395387824
tsp,gemini,io,8,917.0352659566316
tsp,gemini,cot,8,803.1415410570385
tsp,gemini,refine,8,781.8542799481451
tsp,gemini,decomp,8,672.6662246536218
tsp,gemini,ours,8,523.8894914009036
tsp,llama7,io,8,1566.8680522492668
tsp,llama7,cot,8,1498.7740517198265
tsp,llama7,refine,8,1499.5568936299092
tsp,llama7,decomp,8,1343.1090032396596
tsp,llama7,ours,8,1182.8291429927754
tsp,llama70,io,8,1477.8853956464054
tsp,llama70,cot,8,1399.9702512949357
tsp,llama70,refine,8,1355.3710359559925
tsp,llama70,decomp,8,1263.548875675168
tsp,llama70,ours,8,1109.9807697665444
tsp,optimal,optimal,12,548.5412122065015
tsp,gpt3.5,io,12,1914.8386486669008
tsp,gpt3.5,cot,12,1758.6366246801026
tsp,gpt3.5,refine,12,1775.3019102866554
tsp,gpt3.5,decomp,12,1589.0916159183805
tsp,gpt3.5,ours,12,1439.3151043469677
tsp,gpt4,io,12,1215.4872463408162
tsp,gpt4,cot,12,1024.8690953488183
tsp,gpt4,refine,12,1034.3586534348462
tsp,gpt4,decomp,12,863.9964262711635
tsp,gpt4,ours,12,675.5281431902089
tsp,gemini,io,12,1249.434974560528
tsp,gemini,cot,12,1080.3644400047683
tsp,gemini,refine,12,1077.7759313316817
tsp,gemini,decomp,12,927.7462265987714
tsp,gemini,ours,12,728.0602877649526
tsp,llama7,io,12,2146.202526859345
tsp,llama7,cot,12,1984.8361055611551
tsp,llama7,refine,12,1992.886513471342
tsp,llama7,decomp,12,1834.90364119432
tsp,llama7,ours,12,1650.5200189207935
tsp,llama70,io,12,2081.409242752299
tsp,llama70,cot,12,1922.3950163402133
tsp,llama70,refine,12,1830.99607913918
tsp,llama70,decomp,12,1666.6503081712256
tsp,llama70,ours,12,1524.1066031730395
tsp,gpt3.5,io,15,2855.736650224911
tsp,gpt3.5,cot,15,2743.788966764133
tsp,gpt3.5,refine,15,2625.049996495576
tsp,gpt3.5,decomp,15,2354.426823847484
tsp,gpt3.5,ours,15,2102.762308372838
tsp,gpt4,io,15,1822.7548497753085
tsp,gpt4,cot,15,1608.721307105542
tsp,gpt4,refine,15,1567.785828818957
tsp,gpt4,decomp,15,1297.623073785962
tsp,gpt4,ours,15,1052.148650853619
tsp,gemini,io,15,1940.8954976593309
tsp,gemini,cot,15,1658.0179597951887
tsp,gemini,refine,15,1687.242913595271
tsp,gemini,decomp,15,1416.6487358109878
tsp,gemini,ours,15,1118.5493318629372
tsp,llama7,io,15,3212.8244872269247
tsp,llama7,cot,15,3025.740143566102
tsp,llama7,refine,15,3039.472265025178
tsp,llama7,decomp,15,2695.409359295123
tsp,llama7,ours,15,2474.4201082602463
tsp,llama70,io,15,3091.608508974475
tsp,llama70,cot,15,2852.77927610598
tsp,llama70,refine,15,2850.114434798649
tsp,llama70,decomp,15,2533.079294770134
tsp,llama70,ours,15,2317.1211979451405
tsp,gpt3.5,io,20,3490.253464778458
tsp,gpt3.5,cot,20,3342.5077243623746
tsp,gpt3.5,refine,20,3202.1167031030213
tsp,gpt3.5,decomp,20,2924.583872719215
tsp,gpt3.5,ours,20,2654.696217464513
tsp,gpt4,io,20,2262.859703280852
tsp,gpt4,cot,20,1980.996200869339
tsp,gpt4,refine,20,1902.4242692387816
tsp,gpt4,decomp,20,1614.356792270447
tsp,gpt4,ours,20,1353.836834351751
tsp,gemini,io,20,2396.5976890122706
tsp,gemini,cot,20,2111.4619558895333
tsp,gemini,refine,20,2025.4859474790155
tsp,gemini,decomp,20,1740.080597160319
tsp,gemini,ours,20,1455.743106823528
tsp,llama7,io,20,3983.109274129774
tsp,llama7,cot,20,3746.408772184569
tsp,llama7,refine,20,3667.073254767528
tsp,llama7,decomp,20,3373.5479900847404
tsp,llama7,ours,20,2970.35218954072
tsp,llama70,io,20,3758.486030496307
tsp,llama70,cot,20,3462.224818986347
tsp,llama70,refine,20,3438.039625980005
tsp,llama70,decomp,20,3167.422401649681
tsp,llama70,ours,20,2845.9176385959845
tsp,gpt3.5,io,25,4246.799947440363
tsp,gpt3.5,cot,25,4023.16917476286
tsp,gpt3.5,refine,25,3943.456125319504
tsp,gpt3.5,decomp,25,3590.421187134462
tsp,gpt3.5,ours,25,3131.7020722499724
tsp,gpt4,io,25,2690.030699272011
tsp,gpt4,cot,25,2430.330606494145
tsp,gpt4,refine,25,2445.4523548494844
tsp,gpt4,decomp,25,2002.709040477667
tsp,gpt4,ours,25,1679.490572173579
tsp,gemini,io,25,2890.4401621846864
tsp,gemini,cot,25,2504.540132459424
tsp,gemini,refine,25,2478.4154332735893
tsp,gemini,decomp,25,2126.7886194723046
tsp,gemini,ours,25,1762.2972269957982
tsp,llama7,io,25,4674.803005357121
tsp,llama7,cot,25,4529.9603654799375
tsp,llama7,refine,25,4418.159994534846
tsp,llama7,decomp,25,4140.8474062124005
tsp,llama7,ours,25,3696.2721555604176
tsp,llama70,io,25,4600.598656124215
tsp,llama70,cot,25,4148.72253812152
tsp,llama70,refine,25,4136.0322337751495
tsp,llama70,decomp,25,3822.3034734788216
tsp,llama70,ours,25,3439.886406459841
tsp,gpt3.5,io,30,5605.850196242325
tsp,gpt3.5,cot,30,5308.586045863244
tsp,gpt3.5,refine,30,5108.9065695806
tsp,gpt3.5,decomp,30,4762.88986043934
tsp,gpt3.5,ours,30,4191.683297568332
tsp,gpt4,io,30,3735.7839056620455
tsp,gpt4,cot,30,3296.3424917269467
tsp,gpt4,refine,30,3278.368287451628
tsp,gpt4,decomp,30,2808.582762183418
tsp,gpt4,ours,30,2232.7364544676147
tsp,gemini,io,30,3807.686734875538
tsp,gemini,cot,30,3411.030905481104
tsp,gemini,refine,30,3447.359752770618
tsp,gemini,decomp,30,2886.031399342516
tsp,gemini,ours,30,2447.9486341349016
tsp,llama7,io,30,6409.077040747876
tsp,llama7,cot,30,5995.110759094499
tsp,llama7,refine,30,5957.736876007664
tsp,llama7,decomp,30,5402.132020929612
tsp,llama7,ours,30,4791.010237072536
tsp,llama70,io,30,5902.08617814038
tsp,llama70,cot,30,5670.090950219383
tsp,llama70,refine,30,5409.259300754424
tsp,llama70,decomp,30,4948.575081961479
tsp,llama70,ours,30,4622.342412459218
vrp,optimal,optimal,5,275.0522633847702
vrp,gpt3.5,io,5,951.8855874742804
vrp,gpt3.5,cot,5,853.9088596413743
vrp,gpt3.5,refine,5,828.421123521784
vrp,gpt3.5,decomp,5,746.3581639161282
vrp,gpt3.5,ours,5,667.7601054406216
vrp,gpt4,io,5,555.5708961588324
vrp,gpt4,cot,5,490.0521063439148
vrp,gpt4,refine,5,474.43029581476594
vrp,gpt4,decomp,5,386.8472892107667
vrp,gpt4,ours,5,307.8383542027118
vrp,gemini,io,5,581.5480524231172
vrp,gemini,cot,5,530.6280471788732
vrp,gemini,refine,5,500.4925078577801
vrp,gemini,decomp,5,432.60239943999807
vrp,gemini,ours,5,330.98449832242324
vrp,llama7,io,5,1041.0936484673257
vrp,llama7,cot,5,979.1792454840116
vrp,llama7,refine,5,939.6909251582672
vrp,llama7,decomp,5,873.0270746890657
vrp,llama7,ours,5,798.2015054817093
vrp,llama70,io,5,980.702823115458
vrp,llama70,cot,5,917.2450678179848
vrp,llama70,refine,5,897.7877299405638
vrp,llama70,decomp,5,807.5657890935147
vrp,llama70,ours,5,719.7363790249009
vrp,optimal,optimal,8,475.88593983935385
vrp,gpt3.5,io,8,1634.5248049817442
vrp,gpt3.5,cot,8,1527.6623004949568
vrp,gpt3.5,refine,8,1504.8010635722633
vrp,gpt3.5,decomp,8,1327.9890352428065
vrp,gpt3.5,ours,8,1189.7330888524584
vrp,gpt4,io,8,1029.369395738515
vrp,gpt4,cot,8,901.6920571999536
vrp,gpt4,refine,8,872.3283608559664
vrp,gpt4,decomp,8,734.9173450110275
vrp,gpt4,ours,8,569.4083369619085
vrp,gemini,io,8,1055.4773569627607
vrp,gemini,cot,8,938.786750364389
vrp,gemini,refine,8,903.119056736747
vrp,gemini,decomp,8,769.2087283627008
vrp,gemini,ours,8,601.4982696536118
vrp,llama7,io,8,1832.758851194576
vrp,llama7,cot,8,1709.7295324457282
vrp,llama7,refine,8,1710.8847640993447
vrp,llama7,decomp,8,1572.5622686748022
vrp,llama7,ours,8,1401.156328145148
vrp,llama70,io,8,1768.4680851810588
vrp,llama70,cot,8,1602.0047088384008
vrp,llama70,refine,8,1601.3321906628562
vrp,llama70,decomp,8,1424.7668403439363
vrp,llama70,ours,8,1296.9947320449533
vrp,optimal,optimal,12,703.812069209567
vrp,gpt3.5,io,12,2424.0061535568752
vrp,gpt3.5,cot,12,2305.238130339861
vrp,gpt3.5,refine,12,2219.26531115599
vrp,gpt3.5,decomp,12,1992.0939772298384
vrp,gpt3.5,ours,12,1807.661931505785
vrp,gpt4,io,12,1537.6336568492738
vrp,gpt4,cot,12,1337.627222351309
vrp,gpt4,refine,12,1325.9921080436616
vrp,gpt4,decomp,12,1120.3641424089185
vrp,gpt4,ours,12,872.7426649934487
vrp,gemini,io,12,1583.8670637887917
vrp,gemini,cot,12,1396.4449691452833
vrp,gemini,refine,12,1360.7280924801837
vrp,gemini,decomp,12,1194.1094996182176
vrp,gemini,ours,12,922.2136842663564
vrp,llama7,io,12,2697.850471286985
vrp,llama7,cot,12,2596.8416640583023
vrp,llama7,refine,12,2594.671212449444
vrp,llama7,decomp,12,2338.429461486037
vrp,llama7,ours,12,2099.7849276997
vrp,llama70,io,12,2610.9582383013303
vrp,llama70,cot,12,2462.955151960234
vrp,llama70,refine,12,2363.750309650108
vrp,llama70,decomp,12,2169.117301075224
vrp,llama70,ours,12,1972.79314466042
vrp,gpt3.5,io,15,3070.145647991794
vrp,gpt3.5,cot,15,2817.547991470848
vrp,gpt3.5,refine,15,2807.1428906233937
vrp,gpt3.5,decomp,15,2584.1335619049555
vrp,gpt3.5,ours,15,2241.5010180677486
vrp,gpt4,io,15,1958.6462004148093
vrp,gpt4,cot,15,1670.3025480505432
vrp,gpt4,refine,15,1639.8724742641723
vrp,gpt4,decomp,15,1412.498416565087
vrp,gpt4,ours,15,1097.8477296585645
vrp,gemini,io,15,2036.780060622494
vrp,gemini,cot,15,1801.6615498520944
vrp,gemini,refine,15,1715.8882367610463
vrp,gemini,decomp,15,1510.2156455243016
vrp,gemini,ours,15,1203.4635843750814
vrp,llama7,io,15,3331.8929311059646
vrp,llama7,cot,15,3113.8166883639365
vrp,llama7,refine,15,3077.273968236905
vrp,llama7,decomp,15,2901.236530133981
vrp,llama7,ours,15,2660.901394711853
vrp,llama70,io,15,3270.841005914137
vrp,llama70,cot,15,3034.481359667297
vrp,llama70,refine,15,2987.353820496357
vrp,llama70,decomp,15,2736.931739528084
vrp,llama70,ours,15,2480.9811757136
vrp,gpt3.5,io,20,3798.231264339661
vrp,gpt3.5,cot,20,3504.486743645286
vrp,gpt3.5,refine,20,3356.602187316247
vrp,gpt3.5,decomp,20,3120.9301602109954
vrp,gpt3.5,ours,20,2808.3026055955
vrp,gpt4,io,20,2356.684740088188
vrp,gpt4,cot,20,2065.072340855258
vrp,gpt4,refine,20,1998.5816307290636
vrp,gpt4,decomp,20,1744.2434260321654
vrp,gpt4,ours,20,1426.637297999859
vrp,gemini,io,20,2438.2929019104517
vrp,gemini,cot,20,2166.2687901617805
vrp,gemini,refine,20,2142.6936944805143
vrp,gemini,decomp,20,1806.8253473193847
vrp,gemini,ours,20,1495.828350111926
vrp,llama7,io,20,4240.287271704412
vrp,llama7,cot,20,3837.6582195758615
vrp,llama7,refine,20,3743.9851179914185
vrp,llama7,decomp,20,3477.774545879506
vrp,llama7,ours,20,3219.907840823297
vrp,llama70,io,20,4025.37033165361
vrp,llama70,cot,20,3620.961374695593
vrp,llama70,refine,20,3567.2586432325693
vrp,llama70,decomp,20,3297.3395408228084
vrp,llama70,ours,20,2987.5375205704645
vrp,gpt3.5,io,25,4470.971097619459
vrp,gpt3.5,cot,25,4152.427078196852
vrp,gpt3.5,refine,25,4101.809227884832
vrp,gpt3.5,decomp,25,3832.4842254616337
vrp,gpt3.5,ours,25,3399.9518324328774
vrp,gpt4,io,25,2872.5387490928524
vrp,gpt4,cot,25,2563.545973188514
vrp,gpt4,refine,25,2510.813201359416
vrp,gpt4,decomp,25,2177.0454454158908
vrp,gpt4,ours,25,1785.6805150880118
vrp,gemini,io,25,2978.910887823415
vrp,gemini,cot,25,2720.885748974471
vrp,gemini,refine,25,2670.847957391828
vrp,gemini,decomp,25,2266.555950577118
vrp,gemini,ours,25,1845.184263856361
vrp,llama7,io,25,5083.89292657908
vrp,llama7,cot,25,4718.805624939749
vrp,llama7,refine,25,4667.304526261587
vrp,llama7,decomp,25,4267.003077399493
vrp,llama7,ours,25,3780.342880304293
vrp,llama70,io,25,4735.729700521661
vrp,llama70,cot,25,4358.1274790764255
vrp,llama70,refine,25,4306.452145715341
vrp,llama70,decomp,25,3975.407559395175
vrp,llama70,ours,25,3549.233333384442
vrp,gpt3.5,io,30,6501.080403425325
vrp,gpt3.5,cot,30,6051.780581946345
vrp,gpt3.5,refine,30,5853.657866684393
vrp,gpt3.5,decomp,30,5449.517568231773
vrp,gpt3.5,ours,30,4771.977040174702
vrp,gpt4,io,30,4104.370206627028
vrp,gpt4,cot,30,3602.092297678223
vrp,gpt4,refine,30,3546.613044647905
vrp,gpt4,decomp,30,3146.4426686017578
vrp,gpt4,ours,30,2540.650975923892
vrp,gemini,io,30,4232.509552844641
vrp,gemini,cot,30,3757.357262090673
vrp,gemini,refine,30,3764.557168580389
vrp,gemini,decomp,30,3265.40421078443
vrp,gemini,ours,30,2653.7591122991125
vrp,llama7,io,30,7164.376650405063
vrp,llama7,cot,30,6626.9479634105965
vrp,llama7,refine,30,6419.7487714536055
vrp,llama7,decomp,30,5940.74652301279
vrp,llama7,ours,30,5396.9432012823545
vrp,llama70,io,30,6848.469948481744
vrp,llama70,cot,30,6113.719894698853
vrp,llama70,refine,30,6165.505188136183
vrp,llama70,decomp,30,5562.013996248938
vrp,llama70,ours,30,5244.569351240526
jsp,optimal,optimal,5,1315.919089115628
jsp,gpt3.5,io,5,4499.381179229708
jsp,gpt3.5,cot,5,4032.65575214745
jsp,gpt3.5,refine,5,4048.064711818671
jsp,gpt3.5,decomp,5,3628.406065769249
jsp,gpt3.5,ours,5,3161.396264337525
jsp,gpt4,io,5,2701.222542499593
jsp,gpt4,cot,5,2360.951950256292
jsp,gpt4,refine,5,2259.750834707089
jsp,gpt4,decomp,5,1896.8942385469288
jsp,gpt4,ours,5,1438.2977618607017
jsp,gemini,io,5,2781.7823092092863
jsp,gemini,cot,5,2460.151138017877
jsp,gemini,refine,5,2410.604715830052
jsp,gemini,decomp,5,2007.0976319558536
jsp,gemini,ours,5,1576.7566729361954
jsp,llama7,io,5,4958.949527985023
jsp,llama7,cot,5,4575.45030068382
jsp,llama7,refine,5,4634.512035174558
jsp,llama7,decomp,5,4156.85661869928
jsp,llama7,ours,5,3660.590274823527
jsp,llama70,io,5,4706.851660091261
jsp,llama70,cot,5,4290.670056021086
jsp,llama70,refine,5,4297.344020220014
jsp,llama70,decomp,5,3915.779460224039
jsp,llama70,ours,5,3441.9991742979278
jsp,optimal,optimal,8,2893.8318594550988
jsp,gpt3.5,io,8,9896.302180460363
jsp,gpt3.5,cot,8,9202.00438340805
jsp,gpt3.5,refine,8,9068.512501885696
jsp,gpt3.5,decomp,8,8088.348367239657
jsp,gpt3.5,ours,8,7315.465367612132
jsp,gpt4,io,8,6024.321545781683
jsp,gpt4,cot,8,5359.78792589052
jsp,gpt4,refine,8,5163.491970010937
jsp,gpt4,decomp,8,4335.160418982639
jsp,gpt4,ours,8,3509.0758355542744
jsp,gemini,io,8,6532.72167556042
jsp,gemini,cot,8,5783.29684716943
jsp,gemini,refine,8,5646.276735912268
jsp,gemini,decomp,8,4636.816099572492
jsp,gemini,ours,8,3716.887427411279
jsp,llama7,io,8,11162.026577926705
jsp,llama7,cot,8,10389.678880671812
jsp,llama7,refine,8,10509.73481381996
jsp,llama7,decomp,8,9305.074071375117
jsp,llama7,ours,8,8591.85847422434
jsp,llama70,io,8,10645.809542399844
jsp,llama70,cot,8,9988.414644025066
jsp,llama70,refine,8,9835.016579143146
jsp,llama70,decomp,8,8794.525555000444
jsp,llama70,ours,8,7882.128610673007
jsp,optimal,optimal,12,7162.289034646783
jsp,gpt3.5,io,12,24954.679433159086
jsp,gpt3.5,cot,12,23697.539369642407
jsp,gpt3.5,refine,12,22721.56761953466
jsp,gpt3.5,decomp,12,20553.06108772638
jsp,gpt3.5,ours,12,18787.44094726788
jsp,gpt4,io,12,15581.59856252394
jsp,gpt4,cot,12,13557.740741822488
jsp,gpt4,refine,12,13395.082264650307
jsp,gpt4,decomp,12,11173.724210031987
jsp,gpt4,ours,12,8799.382566937327
jsp,gemini,io,12,15971.572249060544
jsp,gemini,cot,12,14301.85019021912
jsp,gemini,refine,12,14185.7714453901
jsp,gemini,decomp,12,11726.360359678783
jsp,gemini,ours,12,9484.3055022393
jsp,llama7,io,12,27795.761631719117
jsp,llama7,cot,12,25572.39647360965
jsp,llama7,refine,12,26383.368701924323
jsp,llama7,decomp,12,24007.406167079385
jsp,llama7,ours,12,21131.302064570176
jsp,llama70,io,12,26535.776864384377
jsp,llama70,cot,12,24542.640030669736
jsp,llama70,refine,12,23820.701368229184
jsp,llama70,decomp,12,21806.989220810763
jsp,llama70,ours,12,19764.649450520723
jsp,gpt3.5,io,15,42092.41395216733
jsp,gpt3.5,cot,15,40660.267702700185
jsp,gpt3.5,refine,15,40123.59388569338
jsp,gpt3.5,decomp,15,36515.90693255973
jsp,gpt3.5,ours,15,31732.20326977808
jsp,gpt4,io,15,27565.607610200463
jsp,gpt4,cot,15,23247.907030666585
jsp,gpt4,refine,15,23778.515993815967
jsp,gpt4,decomp,15,19499.495169467504
jsp,gpt4,ours,15,15336.900418868618
jsp,gemini,io,15,28629.828869894653
jsp,gemini,cot,15,25246.40544005185
jsp,gemini,refine,15,23949.592980198377
jsp,gemini,decomp,15,20343.83671263202
jsp,gemini,ours,15,17137.058034633086
jsp,llama7,io,15,47876.56713686339
jsp,llama7,cot,15,45938.2709975807
jsp,llama7,refine,15,43884.03486729546
jsp,llama7,decomp,15,41025.07187139754
jsp,llama7,ours,15,36299.30112380023
jsp,llama70,io,15,46491.78032045479
jsp,llama70,cot,15,42731.749679468216
jsp,llama70,refine,15,42280.35059627774
jsp,llama70,decomp,15,37362.749229700334
jsp,llama70,ours,15,33393.27682933075
jsp,gpt3.5,io,20,66151.83091743411
jsp,gpt3.5,cot,20,62343.7797444977
jsp,gpt3.5,refine,20,61383.31023096004
jsp,gpt3.5,decomp,20,54426.78808448404
jsp,gpt3.5,ours,20,48542.54907327354
jsp,gpt4,io,20,42589.92669498056
jsp,gpt4,cot,20,36955.76245704867
jsp,gpt4,refine,20,36585.49503630881
jsp,gpt4,decomp,20,30926.278555438177
jsp,gpt4,ours,20,24159.40479764724
jsp,gemini,io,20,44349.07223147648
jsp,gemini,cot,20,38059.44745276617
jsp,gemini,refine,20,37385.698887228325
jsp,gemini,decomp,20,32493.808237002908
jsp,gemini,ours,20,26477.422809709944
jsp,llama7,io,20,72279.47127598617
jsp,llama7,cot,20,69172.16550905336
jsp,llama7,refine,20,69032.08077478792
jsp,llama7,decomp,20,61580.0989626879
jsp,llama7,ours,20,55345.754260137335
jsp,llama70,io,20,69824.94553976382
jsp,llama70,cot,20,63469.12552329942
jsp,llama70,refine,20,64022.27178623747
jsp,llama70,decomp,20,58800.70421091867
jsp,llama70,ours,20,53669.09143832734
jsp,gpt3.5,io,25,117662.28398785484
jsp,gpt3.5,cot,25,111329.45850633323
jsp,gpt3.5,refine,25,105410.6473465306
jsp,gpt3.5,decomp,25,97377.80849503544
jsp,gpt3.5,ours,25,87164.6936602563
jsp,gpt4,io,25,75770.1333566621
jsp,gpt4,cot,25,67624.23456539716
jsp,gpt4,refine,25,64490.350786443545
jsp,gpt4,decomp,25,55070.72015150479
jsp,gpt4,ours,25,44697.54496898229
jsp,gemini,io,25,77142.43317277865
jsp,gemini,cot,25,70181.77588066191
jsp,gemini,refine,25,69104.89087706954
jsp,gemini,decomp,25,60013.505610561646
jsp,gemini,ours,25,48333.04176572112
jsp,llama7,io,25,127229.275097701
jsp,llama7,cot,25,121451.71435077173
jsp,llama7,refine,25,123046.16835802048
jsp,llama7,decomp,25,110197.13865624006
jsp,llama7,ours,25,101585.92217005964
jsp,llama70,io,25,126686.01781890931
jsp,llama70,cot,25,115617.2428209328
jsp,llama70,refine,25,111541.35632057158
jsp,llama70,decomp,25,104862.05860018554
jsp,llama70,ours,25,93361.39530416657
jsp,gpt3.5,io,30,162140.47614082074
jsp,gpt3.5,cot,30,147656.17508235376
jsp,gpt3.5,refine,30,152181.4898235749
jsp,gpt3.5,decomp,30,134229.85606313168
jsp,gpt3.5,ours,30,123973.72349632945
jsp,gpt4,io,30,104798.39894214616
jsp,gpt4,cot,30,95887.80269653955
jsp,gpt4,refine,30,93371.96427300658
jsp,gpt4,decomp,30,80674.53595799276
jsp,gpt4,ours,30,63435.833482698
jsp,gemini,io,30,111716.29429579168
jsp,gemini,cot,30,96055.74154609047
jsp,gemini,refine,30,95672.6420138485
jsp,gemini,decomp,30,83939.42669511688
jsp,gemini,ours,30,69626.63380349858
jsp,llama7,io,30,177460.61029416046
jsp,llama7,cot,30,166082.93008399534
jsp,llama7,refine,30,169323.72295361318
jsp,llama7,decomp,30,153129.34939663016
jsp,llama7,ours,30,138570.47149709208
jsp,llama70,io,30,171767.08235985247
jsp,llama70,cot,30,158275.50175430806
jsp,llama70,refine,30,160830.77674563217
jsp,llama70,decomp,30,146910.37867609807
jsp,llama70,ours,30,132307.80388038536
